a,b,c,d,e,f,g,
q<dqm><dqm><dqm><dqm><dqm>,w,e,r,t,y,y,
<dqm>q<dqm>,w,e,r,t,y,y,
q<qm>,w,e,r,t,y,y,
q,w,e,r,t,y,y,
q,w,e,r,t,y,y,
q,w,e,r,t,y,y,
q<qm>,w,e,r,t,y,y,
하하 이줄은 캔슬이라네,w,e,r,t,y,y,
하하 이줄은 캔슬이라<comma><br>네,w,,r,t,y,y,
하하 이<comma>줄은 캔슬이라네,w,e,r,t,y,y,
하하 이줄<comma><comma><comma><comma><comma>은 캔슬이라네,w,e,r,t,y,y,
하하 이<comma>줄은 캔<comma><comma>슬이라네,w,e,r,t,y,y,
하하 이줄은 캔슬이라네,w,e,r,t,y,y,
하하 이줄은 캔슬이라네,w,e,r,t,y,y,
하하 이줄은 캔슬이라네,w,e,r,t,y,y,
하하 이줄은 캔슬이라네,w,e,r,t,y,y,
하하 이줄은 캔슬이라네,w,e,r,t,y,y,
하하 이줄은<br> 캔슬이라네,w,e,r,t,y,y,
하하 이줄은 <br>캔슬이<br>라네,w,e,r,t,y,y,
q,w,e,r,t,y,y,
q,w,e,r,t,y,y,
q,w,e,r,t,y,y,
q,w,e,r,t,y,y,
